{"cameraMode":{"drawMode":0,"name":"Shaded","section":"Shading Mode"},"sceneLighting":true,"audioPlay":false,"sceneViewState":{"m_AlwaysRefresh":false,"showFog":true,"showSkybox":true,"showFlares":true,"showImageEffects":true,"showParticleSystems":true,"showVisualEffectGraphs":true,"m_FxEnabled":true},"in2DMode":false,"pivot":{"x":13.007596969604493,"y":1.7909226417541505,"z":4.408710479736328},"rotation":{"x":0.07044167071580887,"y":0.005985174793750048,"z":-0.0004262439615558833,"w":0.9975108504295349},"size":5.954925060272217,"orthographic":true}