{"cameraMode":{"drawMode":0,"name":"Shaded","section":"Shading Mode"},"sceneLighting":true,"audioPlay":false,"sceneViewState":{"m_AlwaysRefresh":false,"showFog":true,"showSkybox":true,"showFlares":true,"showImageEffects":true,"showParticleSystems":true,"showVisualEffectGraphs":true,"m_FxEnabled":true},"in2DMode":false,"pivot":{"x":32.066802978515628,"y":4.848601341247559,"z":7.330989837646484},"rotation":{"x":0.06295407563447952,"y":0.013472710736095906,"z":-0.0008563711890019476,"w":0.9979416728019714},"size":7.9016594886779789,"orthographic":true}